{
  "interfaces": {
    "mac-modifier": 2,
    "access": [
      {
        "__comment__": "DHCP Client 1",
        "interface": "eth1",
        "type": "ipoe",
        "ipv6": "false",
        "vlan-mode": "1:1",
        "outer-vlan-min": 102,
        "outer-vlan-max": 102,
        "outer-vlan-step": 1,
        "inner-vlan-min": 1,
        "inner-vlan-max": 1000,
        "inner-vlan-step": 1
        }
    ]
  },
  "dhcp": {
    "enable": true,
    "broadcast": false
  },
  "dhcpv6": {
    "enable": true,
    "ia-na": true,
    "ia-pd": true
  },
  "access-line": {
    "agent-remote-id": "7750bng-sub.{session-global}",
    "agent-circuit-id": "0.0.0.0/0.0.0.0 eth 1:{session-global}"
  }
}

